{
  "곰곰": {
    "calories": 152.75,
    "protein": 17.1,
    "fat": 6.225,
    "carbohydrate": 7.025,
    "sugars": 2.433333333333333,
    "sodium": 423,
    "cholesterol": 57.2,
    "saturated_fat": 1.9500000000000002,
    "weight": 100
  },
  "교촌": {
    "calories": 157.5625,
    "protein": 18.140625,
    "fat": 6.616250000000001,
    "carbohydrate": 6.110625,
    "sugars": 4.31625,
    "sodium": 448.5,
    "cholesterol": 54.5875,
    "saturated_fat": 1.365625,
    "weight": 85.625
  },
  "굳닭": {
    "calories": 159.8181818181818,
    "protein": 17.363636363636363,
    "fat": 7.827272727272727,
    "carbohydrate": 5,
    "sugars": 1.9090909090909092,
    "sodium": 309.09090909090907,
    "cholesterol": 49.45454545454545,
    "saturated_fat": 2.427272727272727,
    "weight": 100
  },
  "굽네": {
    "calories": 181.9090909090909,
    "protein": 18.829090909090908,
    "fat": 9.931818181818182,
    "carbohydrate": 4.356363636363636,
    "sugars": 2.0209090909090905,
    "sodium": 484.72727272727275,
    "cholesterol": 51.893636363636354,
    "saturated_fat": 1.6345454545454543,
    "weight": 101.81818181818181
  },
  "그릭슈바인": {
    "calories": 100.66666666666667,
    "protein": 13.766666666666666,
    "fat": 2.986666666666667,
    "carbohydrate": 4.566666666666666,
    "sugars": 1.6000000000000003,
    "sodium": 344.3333333333333,
    "cholesterol": 48.333333333333336,
    "saturated_fat": 0.8233333333333334,
    "weight": 500
  },
  "네네치킨": {
    "calories": 119,
    "protein": 17.6,
    "fat": 2,
    "carbohydrate": 7.2,
    "sugars": 6,
    "sodium": 482,
    "cholesterol": 63,
    "saturated_fat": 0.7799999999999999,
    "weight": 100
  },
  "더건강한": {
    "calories": 157.28571428571428,
    "protein": 17.4,
    "fat": 8.08,
    "carbohydrate": 3.892857142857143,
    "sugars": 3.007142857142857,
    "sodium": 558,
    "cholesterol": 49.04714285714285,
    "saturated_fat": 1.1142857142857143,
    "weight": 249.42857142857142
  },
  "랠리": {
    "calories": 125,
    "protein": 20.833333333333332,
    "fat": 1.5999999999999999,
    "carbohydrate": 7,
    "sugars": 4.166666666666667,
    "sodium": 421.6666666666667,
    "cholesterol": 61.666666666666664,
    "saturated_fat": 0.5333333333333333,
    "weight": 100
  },
  "랭커": {
    "calories": 106.66666666666667,
    "protein": 20,
    "fat": 1.3666666666666665,
    "carbohydrate": 3.6666666666666665,
    "sugars": 2.6666666666666665,
    "sodium": 446.6666666666667,
    "cholesterol": 55,
    "saturated_fat": 0.5333333333333333,
    "weight": 100
  },
  "러브잇": {
    "calories": 126,
    "protein": 28.07,
    "fat": 1.364,
    "carbohydrate": 0.46799999999999997,
    "sugars": 0.12333333333333334,
    "sodium": 133.4,
    "cholesterol": 22.13,
    "saturated_fat": 0.5325,
    "weight": 100
  },
  "맛닭": {
    "calories": 145.66666666666666,
    "protein": 17.833333333333332,
    "fat": 3.966666666666667,
    "carbohydrate": 8.266666666666667,
    "sugars": 5.366666666666667,
    "sodium": 353.6666666666667,
    "cholesterol": 63.23333333333333,
    "saturated_fat": 1.0999999999999999,
    "weight": 113.33333333333333
  },
  "맛있닭": {
    "calories": 136.91304347826087,
    "protein": 20.439130434782605,
    "fat": 3.318695652173913,
    "carbohydrate": 6.443043478260869,
    "sugars": 3.5730434782608693,
    "sodium": 261.7826086956522,
    "cholesterol": 50.03043478260869,
    "saturated_fat": 0.8813043478260869,
    "weight": 130.43478260869566
  },
  "모든닭": {
    "calories": 176.25,
    "protein": 15.2075,
    "fat": 7.0825,
    "carbohydrate": 12.915,
    "sugars": 1.8775,
    "sodium": 503,
    "cholesterol": 13.3325,
    "saturated_fat": 2.2925,
    "weight": 120
  },
  "바디나인": {
    "calories": 123,
    "protein": 23.33,
    "fat": 0,
    "carbohydrate": 3.33,
    "sugars": 0,
    "sodium": 273,
    "cholesterol": 100,
    "saturated_fat": 0,
    "weight": 150
  },
  "뺀닭": {
    "calories": 162.5,
    "protein": 15.25,
    "fat": 8.25,
    "carbohydrate": 6.25,
    "sugars": 6.25,
    "sodium": 605,
    "cholesterol": 53.75,
    "saturated_fat": 0,
    "weight": 100
  },
  "수지스": {
    "calories": 108.5,
    "protein": 24,
    "fat": 0.55,
    "carbohydrate": 1.395,
    "sugars": 0.79,
    "sodium": 179.5,
    "cholesterol": 60,
    "saturated_fat": 0.15,
    "weight": 1000
  },
  "신선애": {
    "calories": 100,
    "protein": 22.49,
    "fat": 0.96,
    "carbohydrate": 0.24,
    "sugars": 0,
    "sodium": 44,
    "cholesterol": 59.49,
    "saturated_fat": 0.22,
    "weight": 100
  },
  "아워홈": {
    "calories": 123,
    "protein": 25.385,
    "fat": 1.54,
    "carbohydrate": 1.925,
    "sugars": 0.54,
    "sodium": 446,
    "cholesterol": 75,
    "saturated_fat": 0.77,
    "weight": 130
  },
  "아침": {
    "calories": 115,
    "protein": 15,
    "fat": 3,
    "carbohydrate": 7,
    "sugars": 0.75,
    "sodium": 500,
    "cholesterol": 75,
    "saturated_fat": 1.2,
    "weight": 100
  },
  "올바르고반듯한": {
    "calories": 93,
    "protein": 18.46,
    "fat": 1.4333333333333333,
    "carbohydrate": 1.54,
    "sugars": 0.77,
    "sodium": 528.3333333333334,
    "cholesterol": 47.43666666666667,
    "saturated_fat": 0.4066666666666667,
    "weight": 130
  },
  "육식토끼": {
    "calories": 171.66666666666666,
    "protein": 15.666666666666666,
    "fat": 9,
    "carbohydrate": 6.666666666666667,
    "sugars": 3.6666666666666665,
    "sodium": 436.6666666666667,
    "cholesterol": 70,
    "saturated_fat": 2.1333333333333333,
    "weight": 100
  },
  "인생닭": {
    "calories": 105,
    "protein": 16,
    "fat": 2.3,
    "carbohydrate": 5,
    "sugars": 3,
    "sodium": 350,
    "cholesterol": 62.5,
    "saturated_fat": 0,
    "weight": 100
  },
  "잇메이트": {
    "calories": 116.86206896551724,
    "protein": 18.154137931034484,
    "fat": 2.501034482758621,
    "carbohydrate": 5.468620689655174,
    "sugars": 3.4555172413793103,
    "sodium": 313.58620689655174,
    "cholesterol": 46.94172413793103,
    "saturated_fat": 0.7020689655172415,
    "weight": 105.86206896551724
  },
  "잇츠나우": {
    "calories": 115,
    "protein": 23,
    "fat": 1.3,
    "carbohydrate": 3,
    "sugars": 0,
    "sodium": 390,
    "cholesterol": 50,
    "saturated_fat": 0,
    "weight": 100
  },
  "작심닭": {
    "calories": 125.42857142857143,
    "protein": 23.714285714285715,
    "fat": 2.0142857142857147,
    "carbohydrate": 2.857142857142857,
    "sugars": 1.2,
    "sodium": 208.14285714285714,
    "cholesterol": 69.14285714285714,
    "saturated_fat": 0.5285714285714286,
    "weight": 100
  },
  "하림": {
    "calories": 140.66666666666666,
    "protein": 19.189333333333334,
    "fat": 5.530666666666667,
    "carbohydrate": 3.466666666666667,
    "sugars": 1.2593333333333334,
    "sodium": 476.73333333333335,
    "cholesterol": 54.971999999999994,
    "saturated_fat": 2.0133333333333336,
    "weight": 113.33333333333333
  },
  "한끼통살": {
    "calories": 119.5,
    "protein": 17.36,
    "fat": 1.665,
    "carbohydrate": 7.04,
    "sugars": 4.96,
    "sodium": 718,
    "cholesterol": 54.025,
    "saturated_fat": 0.43999999999999995,
    "weight": 100
  },
  "함께하닭": {
    "calories": 77.5,
    "protein": 9,
    "fat": 2.4833333333333334,
    "carbohydrate": 3.1666666666666665,
    "sugars": 0.3333333333333333,
    "sodium": 235.33333333333334,
    "cholesterol": 12.916666666666666,
    "saturated_fat": 0.6666666666666666,
    "weight": 100
  },
  "햇살닭": {
    "calories": 197,
    "protein": 15.784,
    "fat": 12.813999999999998,
    "carbohydrate": 4.9159999999999995,
    "sugars": 2.338,
    "sodium": 484.8,
    "cholesterol": 62.616,
    "saturated_fat": 3.4859999999999998,
    "weight": 88
  },
  "허닭": {
    "calories": 164.30769230769232,
    "protein": 17.52230769230769,
    "fat": 7.478461538461537,
    "carbohydrate": 6.489999999999999,
    "sugars": 4.22076923076923,
    "sodium": 428.5,
    "cholesterol": 59.22500000000001,
    "saturated_fat": 2.151153846153846,
    "weight": 93.53846153846153
  }
}