{
  "calories": 135.53628318584072,
  "protein": 19.13410619469026,
  "fat": 4.156902654867256,
  "carbohydrate": 5.30483185840708,
  "sugars": 2.7817553191489344,
  "sodium": 401.6513274336283,
  "cholesterol": 55.33127433628322,
  "saturated_fat": 1.057504424778762,
  "weight": 131.79115044247789
}